,with,without
Action,0.296063698328951,0.29665346951265137
Adventure,0.3231800437590797,0.3262040334085523
Animated,0.37736110574850185,0.38294645963908025
Comedy,0.34103385731978314,0.3367567614427228
Historical,0.3831520082331621,0.38617599890974763
Fantasy,0.36668675672526624,0.36767268375482426
Horror,0.7549856390529932,0.7604212885783604
Science fiction,0.3646111580448649,0.3559887700201396
Documentary,0.3863604541158435,0.375993138961816
