,with,without
Action,0.29588473520249226,0.24879556074766357
Adventure,0.3204672897196262,0.2875060747663551
Animated,0.3744302959501557,0.36106056223112304
Comedy,0.33374922118380057,0.3273178219106957
Historical,0.38699376947040504,0.3877479231568016
Fantasy,0.3684020768431982,0.3764310488058152
Horror,0.7058504672897196,0.6942218328141224
Science fiction,0.39745742471443396,0.3772538940809969
Documentary,0.3990140186915888,0.39250623052959505
