,with,without
Action,0.2533016625823991,0.22105128618493083
Adventure,0.2801947716575992,0.27527219582243745
Animated,0.3380664280525985,0.3163203338016652
Comedy,0.3283328526753244,0.3016086623882042
Historical,0.34772156709151747,0.3401150662812566
Fantasy,0.3441047626686998,0.3452880174635791
Horror,0.5346901560637161,0.5105345770376566
Science fiction,0.3437989196609899,0.3381127304371962
Documentary,0.3682826558194922,0.3597404229620551
